Name,Email,URL,Email_Text
John Doe,john.doe@acaitravel.com,https://www.acaitravel.com,"Subject: Unlock the Power of AI for Enhanced Travel Operations

Dear John Doe,

I hope this message finds you well. My name is Mr. Purushottam Kumar, and I am the CEO of Drema AI. We specialize in revolutionizing business operations with customized AI/ML solutions tailored to meet specific industry needs. 

I recently came across Acai Travel's commitment to enhancing agent efficiency and optimizing call center operations, and I believe there is a significant opportunity for synergy between our organizations. Your AI-powered tools, such as the Co-Pilot Manager and Knowledge Management system, resonate with our expertise in advanced data analytics and system integration, which can further enhance the performance of your agents while simultaneously improving customer experience.

At Drema AI, we focus on developing end-to-end custom AI/ML models that can automate your existing processes and streamline your operations. This would allow Acai to not only optimize the handling of customer requests through intelligent routing but also significantly reduce operational costs and improve service quality. Our solutions can help in meeting SLAs consistently and allowing your agents to focus on resolving more complex customer issues while ensuring that your customers receive quick, personalized support.

I would love to offer you a free consultation to discuss how our AI/ML expertise can add value to Acai Travel's operations and help you achieve your business goals effectively. Together, we can explore innovative strategies that will elevate your service standards and operational efficiency.

Please feel free to reach out to me directly at +91 8104659927 or +91 6205467465, or you can connect with us on LinkedIn [Drema AI LinkedIn](https://www.linkedin.com/company/drema-ai/). I look forward to the opportunity to collaborate and drive transformative changes in the travel industry together.

Warm regards,

Mr. Purushottam Kumar  
CEO, Drema AI  
Email: m@drema.in  
Phone: +91 8104659927 / +91 6205467465  
LinkedIn: https://www.linkedin.com/company/drema-ai/  "
